LCOH (€/Nm3_H2),p_ng (€/GJ),c_CTS (€/tCO2),c_CAP (M€ / (10^5Nm3/h) ),emi_cap (kg/Nm3_H2),eff,CR,c_fixedOnM_excFuel (M€ / (10^5Nm3/h) ),c_varOnM_excFuel (M€ / (10^5Nm3/h) )
0.057380457380457,2,10,222.89,0,0.7592,0,7.55,0.510000000000005
0.114760914760914,6,10,222.89,0,0.7592,0,7.55,0.510000000000005
0.171309771309771,10,10,222.89,0,0.7592,0,7.55,0.510000000000005
0.227858627858627,14,10,222.89,0,0.7592,0,7.55,0.510000000000005
0.285239085239085,18,10,222.89,0,0.7592,0,7.55,0.510000000000005
0.114285714285714,6,10,222.89,0,0.7592,0,7.55,0.510000000000005
