LCOH (€/kWh),p_ng (€/GJ),c_CTS (€/tCO2),c_CAP (M€ / (10^5Nm3/h) ),emi_cap (kg/Nm3_H2),eff,CR
0.057380457380457,2,0,222.89,0,0.7592,0
0.114760914760914,6,0,222.89,0,0.7592,0
0.171309771309771,10,0,222.89,0,0.7592,0
0.227858627858627,14,0,222.89,0,0.7592,0
0.285239085239085,18,0,222.89,0,0.7592,0
0.114285714285714,6,0,222.89,0,0.7592,0
