LCOH (€/Nm3_H2),p_ng (€/GJ),c_CTS (€/tCO2),c_CAP (M€ / (10^5Nm3/h) ),emi_cap (kg/Nm3_H2),eff,CR,c_fixedOnM_excFuel (M€ / (10^5Nm3/h) ),c_varOnM_excFuel (M€ / (10^5Nm3/h) )
0.075675675675676,2,10,263.91,0.466,0.7351,0.557,8.76,0.519999999999996
0.135550935550935,6,10,263.91,0.466,0.7351,0.557,8.76,0.519999999999996
0.193762993762993,10,10,263.91,0.466,0.7351,0.557,8.76,0.519999999999996
0.252806652806652,14,10,263.91,0.466,0.7351,0.557,8.76,0.519999999999996
0.311850311850311,18,10,263.91,0.466,0.7351,0.557,8.76,0.519999999999996
0.135164835164835,6,10,263.91,0.466,0.7351,0.557,8.76,0.519999999999996
0.134841836734693,6,10,263.91,0.466,0.7351,0.557,8.76,0.519999999999996
0.141862244897959,6,25,263.91,0.466,0.7351,0.557,8.76,0.519999999999996
0.148882653061224,6,40,263.91,0.466,0.7351,0.557,8.76,0.519999999999996
