LCOH (€/Nm3_H2),p_ng (€/GJ),c_CTS (€/tCO2),c_CAP (M€ / (10^5Nm3/h) ),emi_cap (kg/Nm3_H2),eff,CR,c_fixedOnM_excFuel (M€ / (10^5Nm3/h) ),c_varOnM_excFuel (M€ / (10^5Nm3/h) )
0.102286902286902,2,10,398.48,0.8004,0.691,0.9,11.54,0.490000000000009
0.164656964656964,6,10,398.48,0.8004,0.691,0.9,11.54,0.490000000000009
0.227027027027027,10,10,398.48,0.8004,0.691,0.9,11.54,0.490000000000009
0.29022869022869,14,10,398.48,0.8004,0.691,0.9,11.54,0.490000000000009
0.353430353430353,18,10,398.48,0.8004,0.691,0.9,11.54,0.490000000000009
0.164615384615384,6,10,398.48,0.8004,0.691,0.9,11.54,0.490000000000009
0.164678571428571,6,10,398.48,0.8004,0.691,0.9,11.54,0.490000000000009
0.176744897959183,6,25,398.48,0.8004,0.691,0.9,11.54,0.490000000000009
0.188591836734693,6,40,398.48,0.8004,0.691,0.9,11.54,0.490000000000009
