LCOH (€/kWh),p_ng (€/GJ),c_CTS (€/tCO2),c_CAP (M€ / (10^5Nm3/h) )
0.075675675675676,2,0,263.91
0.135550935550935,6,0,263.91
0.193762993762993,10,0,263.91
0.252806652806652,14,0,263.91
0.311850311850311,18,0,263.91
0.135164835164835,6,0,263.91
0.134841836734693,6,10,263.91
0.141862244897959,6,25,263.91
0.148882653061224,6,40,263.91
